Supplier,total_orders,avg_delay_days,avg_defect_rate,compliance_rate,delay_score,defect_score,compliance_score,risk_score,risk_category
Delta_Logistics,151,10.85430463576159,0.10790089739512954,0.6026490066225165,0.9628818628498184,1.0,0.3973509933774835,86.5,High Risk
Beta_Supplies,143,11.272727272727273,0.08429349150288415,0.7552447552447552,1.0,0.7812121450130683,0.2447552447552448,76.1,High Risk
Gamma_Co,130,10.192307692307692,0.04441491329781733,0.8538461538461538,0.9041563275434242,0.4116269129363343,0.1461538461538462,55.6,Medium Risk
Epsilon_Group,149,10.865771812080537,0.026043009584472646,0.9798657718120806,0.963899112361983,0.24136045402017373,0.020134228187919434,48.6,Medium Risk
Alpha_Inc,117,10.606837606837606,0.016778919836789752,0.9316239316239316,0.9409291425420456,0.1555030610667296,0.06837606837606836,45.2,Medium Risk
